field_code,field_name,system,alpha,beta,sigma,reliability,rel_lo,rel_hi
AS0101,Mathematics,GRAS,0.3267148756962641,0.9243624922172673,0.3912712451110169,0.4107223708551269,0.38397229365554586,0.43847001820879833
AS0101,Mathematics,Leiden,0.3143660851485705,0.7978291910199566,0.47208521278394966,0.30720138560207255,0.28566889316888067,0.3318265874842525
AS0101,Mathematics,QS,0.4285160555521553,0.8173873219696943,0.1010128297833909,0.9472238444141601,0.9394529918706882,0.9539600051005
AS0101,Mathematics,THE,0.4168087687799651,0.7052898145889753,0.3435223300466606,0.5952864052175332,0.5703189812647094,0.6202452763173483
AS0102,Physics,GRAS,0.20304301534892497,0.9629440604982872,0.353029246414353,0.2486296950689077,0.21704451103175407,0.28828624680706616
AS0102,Physics,Leiden,0.2562554423422218,0.6910526783563103,0.3622024593454581,0.33343999419221704,0.3027355481467522,0.373682083162063
AS0102,Physics,QS,0.2334993256781187,0.8749124391752667,0.3025099208986576,0.3732519342008091,0.3322822206938512,0.42230162935663923
AS0102,Physics,THE,0.30958617115379744,0.6795383870609366,0.1658132148548908,0.7762810988483031,0.7436059466492618,0.8110195099359966
AS0103,Chemistry,GRAS,0.3101791862606961,0.9210327009055664,0.34234015673603435,0.4506568337531654,0.421011428064421,0.4852045173380294
AS0103,Chemistry,Leiden,0.3333156282468683,0.6936654494776895,0.4432624513278281,0.36111784969593275,0.33749769039183775,0.39373856270394414
AS0103,Chemistry,QS,0.4003689242603056,0.7811999254246743,0.09542583744050603,0.9460706479178276,0.9383648559090311,0.9534553481524141
AS0103,Chemistry,THE,0.37749166655868277,0.6902725187837921,0.36002194923468095,0.5234187382613834,0.4927076548791058,0.5546187305741597
AS0104,Earth Sciences,GRAS,0.2900917174808741,0.9066923050394089,0.28338530735484846,0.5115451432064952,0.4798356326199545,0.5450495391665761
AS0104,Earth Sciences,Leiden,0.29585191080109857,0.7404396775557899,0.36350586725990025,0.3983828073608603,0.3743529539284342,0.4292015497987153
AS0104,Earth Sciences,QS,0.3168714192570533,0.938197609755615,0.15794625768556267,0.800584811510916,0.7730850591519175,0.8342045973077143
AS0104,Earth Sciences,THE,0.34220422767773484,0.7106272569868686,0.29339412698259365,0.5761162670027387,0.5471155416017962,0.6088876783712525
AS0105,Geography,GRAS,0.1392441477584433,1.2315083894741055,0.434641702364364,0.09346223707535746,0.07446596930052828,0.12256303162705923
AS0105,Geography,Leiden,0.28064649541849607,0.7613130050296952,0.13564385529659007,0.8089351848216686,0.7727030916553879,0.8550854095682799
AS0105,Geography,QS,0.11357762801978767,1.303189430637692,0.4873087339030595,0.05180247796079671,0.039267807072065175,0.06875540266762768
AS0106,Ecology,GRAS,0.3345678311286689,1.039040482705733,0.3880259627108789,0.4262960562089738,0.3892983395255549,0.45561143398929477
AS0106,Ecology,Leiden,0.3918119145046169,0.7425500110402219,0.4344789985138536,0.4483355267225728,0.41832071902127016,0.47450201097746825
AS0106,Ecology,QS,0.49353131563401986,0.85399372850023,0.09167355638743072,0.9665412543402729,0.9615252267523454,0.9712693297122941
AS0107,Oceanography,GRAS,0.07616598130215442,1.5455800579226706,0.45824934747404117,0.02702361541486524,0.02073267100403883,0.03499443444107284
AS0107,Oceanography,Leiden,0.23527625688919296,0.7346816577037373,0.3465945560514372,0.3154075340724044,0.28460727588220325,0.3468720284924835
AS0107,Oceanography,QS,0.21399124469703473,1.039391128545826,0.2817291691052727,0.3659066770796079,0.31832429023518805,0.4169090817325416
AS0107,Oceanography,THE,0.29531579628830706,0.6935023692667726,0.17784274731454947,0.7334312742507155,0.7018296732968428,0.7626918846457736
AS0108,Atmospheric Science,GRAS,0.16726427711069938,1.1051409483178432,0.4080019733635355,0.14402661926738822,0.12436051714469634,0.16346151618797355
AS0108,Atmospheric Science,Leiden,0.25126316027464546,0.7289692543750383,0.3458181168201446,0.34547509702026846,0.31154282886559176,0.37588457124920177
AS0108,Atmospheric Science,THE,0.3128701294228826,0.6942141653357646,0.15551130805529872,0.801464469575572,0.7753757711135402,0.8205507839713897
AS0201,Mechanical Engineering,GRAS,0.20819268972240765,1.09999736671427,0.4040455826262388,0.20998097228159943,0.17695584909187315,0.24616851387827995
AS0201,Mechanical Engineering,Leiden,0.2936368017412468,0.7047772346657959,0.35534853609916567,0.40532886247565303,0.3582293402905281,0.45149949146500906
AS0201,Mechanical Engineering,QS,0.254705388439371,0.9819760858358875,0.32013515263104964,0.3873227153177999,0.3405915236471958,0.4391170689201356
AS0201,Mechanical Engineering,THE,0.36069247950188527,0.7375873047243187,0.18301822775760862,0.7942162628354467,0.7613476702416341,0.8249190030363802
AS0202,Electrical & Electronic Engineering,GRAS,0.28801171337696135,0.9095355641034379,0.36764105760205235,0.38019370373041844,0.3313068797971766,0.41561070585625853
AS0202,Electrical & Electronic Engineering,Leiden,0.3207975246785169,0.7041395458365122,0.3805603060817744,0.41515310971745334,0.36935713294517303,0.4468156248134943
AS0202,Electrical & Electronic Engineering,QS,0.2994149729801553,0.9589864057712887,0.2710929143508668,0.5490361103989607,0.4885382994002948,0.5894208063654015
AS0202,Electrical & Electronic Engineering,THE,0.3886676666122082,0.7399343903559322,0.21204612355583513,0.7700330478899875,0.7344898100552237,0.7969886451964433
AS0205,Automation & Control,GRAS,0.18094836475488954,1.4072722578470422,0.43163097623059943,0.14965700362540846,0.1266232005742972,0.17441617520887895
AS0205,Automation & Control,Leiden,0.37043096484513927,0.6986260419046237,0.3321053834393575,0.5541745757115344,0.5239227773664622,0.5817466883430226
AS0205,Automation & Control,THE,0.44311437499653167,0.7493819527649157,0.15501109984824324,0.8907345268589003,0.8757084874473451,0.9029078266199648
AS0206,Telecommunication Engineering,GRAS,0.714288426069442,1.3779675321336253,0.10660386284536447,0.9781116138798283,0.9741375896068737,0.9818064352809288
AS0207,Instruments Science & Technology,GRAS,0.7594032300466281,1.2764203358839683,0.10116048023088059,0.9824724000218467,0.9788103972208665,0.9854698466308455
AS0208,Biomedical Engineering,GRAS,0.5893699547551486,1.3604795899115965,0.12074777423003959,0.9595153069542186,0.9517286012608017,0.9666774772735321
AS0210,Computer Science & Engineering,GRAS,0.40769453787712706,0.7829721216793614,0.42850691040233535,0.47501131954053394,0.44990995673234124,0.5022557039062265
AS0210,Computer Science & Engineering,Leiden,0.36879685476382734,0.6882242180335024,0.5206395463588036,0.3340926020056205,0.31330268592770066,0.35796267574223206
AS0210,Computer Science & Engineering,QS,0.5544013375196545,0.6533814971342905,0.1090607534323697,0.9626792112378654,0.9589364277353485,0.9668857359371726
AS0210,Computer Science & Engineering,THE,0.4844452475049804,0.6778073724020908,0.3498587722532771,0.657042784896208,0.6352221006569515,0.6808845402427325
AS0211,Civil Engineering,GRAS,0.14062510860324595,1.1547507131945507,0.4790517838798406,0.07961499001627736,0.059806561440965605,0.096522417969461
AS0211,Civil Engineering,Leiden,0.23418528916187228,0.6960734692564924,0.34708169426898405,0.3126932849998773,0.255718977972053,0.35135561335498827
AS0211,Civil Engineering,QS,0.1834668979444663,1.1712150220562838,0.3887784749395995,0.1824479548626756,0.14244885132055196,0.21620167301277946
AS0211,Civil Engineering,THE,0.2838505030410762,0.7334165392758161,0.16584137259337306,0.7440022317867329,0.689712280838341,0.7854898919080181
AS0212,Chemical Engineering,GRAS,0.17338903286325916,1.020194824257333,0.4666128607428536,0.1214580797266562,0.10421210996543036,0.13859175950538222
AS0212,Chemical Engineering,Leiden,0.26006987478381716,0.681414632662561,0.34104137191190587,0.3675909095933889,0.3304546377234118,0.39913027408398266
AS0212,Chemical Engineering,QS,0.20012684765073485,1.0434277182253633,0.3541106484310364,0.24217778765166245,0.2124904209384497,0.2699152849650224
AS0212,Chemical Engineering,THE,0.3109435806310756,0.7179903730126628,0.17334143814429495,0.7623479932105441,0.7288645710510342,0.7889650893907423
AS0213,Materials Science & Engineering,GRAS,0.2372893896439578,0.9160029544640298,0.34381666196391414,0.32264660022586483,0.2784069117956829,0.3536906962341862
AS0213,Materials Science & Engineering,Leiden,0.27647980316028575,0.7046563096124554,0.35309271005567266,0.37994757655277894,0.3392682995158877,0.4081045373593206
AS0213,Materials Science & Engineering,QS,0.23810551182376025,0.9872552838916924,0.2775245883441206,0.4238457649005118,0.3714622483323229,0.4659756445253164
AS0213,Materials Science & Engineering,THE,0.3191465828910657,0.7461751886585969,0.2105118759882866,0.6962435041520502,0.6546419048302992,0.7230538045529095
AS0214,Nanoscience & Nanotechnology,GRAS,0.6911864724335453,1.223953626996326,0.08750931479675227,0.9841647701723208,0.9817130924163127,0.9867364710443202
AS0215,Energy Science & Engineering,GRAS,0.26070886377799996,1.009319270774142,0.4242658028020692,0.27412872644564334,0.24340411190735503,0.3048903535009735
AS0215,Energy Science & Engineering,Leiden,0.3615079971906085,0.6905437937139273,0.3322824572161075,0.5417530386282761,0.5079066199353511,0.5778752080984836
AS0215,Energy Science & Engineering,QS,0.17391183068659616,1.7420745439961305,0.3993529061164734,0.15975065481753245,0.12668625026302835,0.19593162561674188
AS0215,Energy Science & Engineering,THE,0.4282181651811584,0.7395983948732837,0.16347042824964078,0.8724906629975371,0.8554246447060664,0.8889914444299861
AS0216,Environmental Science & Engineering,GRAS,0.3395867045589791,0.9420378279996402,0.34799696491512594,0.4875436672910902,0.45520839953431036,0.5328451647542158
AS0216,Environmental Science & Engineering,QS,0.40345111526398064,0.9081685589875034,0.10616194532879521,0.9350462654710471,0.92677341633233,0.9441119305769949
AS0216,Environmental Science & Engineering,THE,0.4095804340739979,0.7882038055007149,0.3327419650590966,0.6021237927302676,0.5765825413895743,0.6311063115271581
AS0217,Water Resources,GRAS,0.7063436581584328,1.5445258884112105,0.10736135845160097,0.9772984422496431,0.9728001400157709,0.9813006324317717
AS0219,Food Science & Technology,GRAS,0.737514378676973,1.3218421486441734,0.09383436142934773,0.9839814176337046,0.9807469729416021,0.9868847500325578
AS0220,Biotechnology,GRAS,0.5815348517786356,1.1297370735458023,0.11191711443653063,0.9641747601197346,0.958361832965957,0.9696294198043959
AS0221,Aerospace Engineering,GRAS,0.09421156351956875,1.8724851404900646,0.46102166105165493,0.04078050938792595,0.022182721927977947,0.06524124554027097
AS0221,Aerospace Engineering,Leiden,0.3548140842243759,0.7000359964047215,0.33475935575996585,0.5288615923289516,0.4977889003686214,0.5569888447556061
AS0221,Aerospace Engineering,THE,0.425516805957858,0.7508888028962002,0.15064658214852525,0.8884172048769241,0.8749292216374119,0.8999945070033774
AS0222,Marine/Ocean Engineering,GRAS,0.6096189516729317,2.100253944492095,0.12570863032842772,0.9583401339766232,0.9401763671314946,0.9720362997158402
AS0223,Transportation Science & Technology,GRAS,0.6806513322970779,1.5540750146797009,0.10837377543490963,0.9750337965175672,0.9678548598249223,0.9799355446821799
AS0224,Remote Sensing,GRAS,0.6980882457508227,1.8172741508934616,0.1124813462919382,0.9744428109990203,0.9681971690301835,0.9809417172989359
AS0226,Mining & Mineral Engineering,GRAS,0.6402629311423351,1.7853525071125562,0.13766703734406796,0.9551792162347174,0.9405420111362505,0.9678289435646031
AS0226,Mining & Mineral Engineering,QS,0.2812969808076857,1.876624078365851,0.429809698226976,0.30007970382705407,0.22369832247695257,0.3914728810884408
AS0227,Metallurgical Engineering,GRAS,0.6778309370869186,1.5188110255932243,0.11856922234630687,0.9700967087731314,0.9638612767444426,0.9764683086922674
AS0228,Textile Science & Engineering,GRAS,0.48416854101098317,2.3182827143607487,0.23236458313991767,0.8066593297379759,0.6857097301136654,0.8852796263594088
AS0229,Artificial Intelligence,GRAS,0.13014503807476152,1.2927105610008989,0.3949984034246469,0.09880070772786778,0.06582747514228099,0.1356838452705797
AS0229,Artificial Intelligence,Leiden,0.30428621146756585,0.6677322652981601,0.43916725409803503,0.3242416271657937,0.261011650719289,0.36066402657172225
AS0229,Artificial Intelligence,QS,0.1678652126024906,1.378042229027912,0.36647805018016727,0.17406616403182779,0.12279998394835229,0.22608496627978447
AS0229,Artificial Intelligence,THE,0.38599754879132875,0.6811772335065795,0.12045798041339935,0.9105290418913522,0.8878705125213883,0.9273583359850477
AS0301,Biological Sciences,GRAS,0.3020521544940943,0.7654095735409076,0.3052858187919894,0.4944902079762067,0.46443003553576845,0.5269839775615361
AS0301,Biological Sciences,Leiden,0.29323226610217995,0.6323798324087475,0.45627388873052266,0.2922940685674608,0.2683502233983704,0.3178452304106485
AS0301,Biological Sciences,QS,0.34528613703967337,0.7124944405921195,0.08794008839164018,0.9388896699653928,0.9295197748540964,0.9481345813223576
AS0301,Biological Sciences,THE,0.32782646254350795,0.7116254410384468,0.30665693814050277,0.5331007152914886,0.5097853360654041,0.561566279488965
AS0302,Human Biological Sciences,GRAS,0.27309674808242684,0.7900667993103175,0.2906295786421201,0.4688683700524233,0.4450212831048417,0.4983339696088195
AS0302,Human Biological Sciences,Leiden,0.3205543345139993,0.6216201181363473,0.2949188297756632,0.5414513399892357,0.5166684600038363,0.5679667370633715
AS0302,Human Biological Sciences,QS,0.19836617754199729,1.21889156238466,0.3488499758706633,0.2445891271313586,0.2085117746714139,0.276996957266018
AS0302,Human Biological Sciences,THE,0.31057202711739534,0.7635004940113927,0.2488517687828021,0.6088349167987287,0.5816140505186153,0.6368195851577103
AS0303,Agricultural Sciences,GRAS,0.1834579654460507,0.926095125532676,0.5362879007438915,0.10489382903489015,0.09139126751485081,0.12313609673875792
AS0303,Agricultural Sciences,Leiden,0.32370294841922714,0.59477816657833,0.3655335707137746,0.43940454189915384,0.40789171651992473,0.4687211933342392
AS0303,Agricultural Sciences,QS,0.2674730643763558,1.0296678461842894,0.4288268124681345,0.2801527243489794,0.25278545005623126,0.3125120922527002
AS0303,Agricultural Sciences,THE,0.36119024606926237,0.6777241704747528,0.19591189052057337,0.7722662206052944,0.7477289172370328,0.8027159716136988
AS0304,Veterinary Sciences,GRAS,0.10973583433950694,1.3085415152070892,0.5206998757300415,0.04264927709632741,0.03405160087308079,0.052220779453956145
AS0304,Veterinary Sciences,Leiden,0.31794443031228226,0.602889013803832,0.34042764162781664,0.4657104180080664,0.42993405158813464,0.49727320941912173
AS0304,Veterinary Sciences,QS,0.17963280867188047,1.710645830361711,0.35305515528820935,0.20609283741222065,0.163444550372105,0.24887692840788697
AS0304,Veterinary Sciences,THE,0.3453405237707851,0.6987716191940023,0.18309923080540305,0.7800943675995807,0.7476994485274504,0.808739136766145
AS0401,Clinical Medicine,GRAS,0.3474799340622228,0.9097565875521783,0.3637379296080853,0.4768305888762505,0.4471880640121127,0.524898681430345
AS0401,Clinical Medicine,Leiden,0.3624851950157879,0.7225879595395551,0.4660965507304914,0.3767634185594353,0.35152756211575154,0.412324632736586
AS0401,Clinical Medicine,QS,0.4532955346016126,0.808220482233435,0.07757366522133863,0.9714370027207455,0.9671240203811131,0.9761838155839466
AS0402,Public Health,GRAS,0.2601049346615725,0.9910112853714117,0.4777431727103428,0.22870850556448136,0.2071297168608526,0.2493751035950072
AS0402,Public Health,Leiden,0.4535463959985333,0.7515729007108948,0.1293994664623159,0.9245428468651247,0.9150559589870989,0.9347213224474888
AS0403,Dentistry & Oral Sciences,GRAS,0.19845012721477004,1.399484391096296,0.43943507086694894,0.16953326694901513,0.14861679118206916,0.19184979950929806
AS0403,Dentistry & Oral Sciences,Leiden,0.462596958714807,0.7622207652182702,0.12103377013326772,0.9357922399841431,0.92744805281436,0.943474405272094
AS0403,Dentistry & Oral Sciences,QS,0.15759620877953429,1.7657163342806603,0.40649923540793653,0.13107503749880184,0.10443522579431262,0.16405737893091635
AS0404,Nursing,GRAS,0.20749681864504013,1.2888440533764753,0.47180501806322683,0.16221153672599556,0.14174633011848395,0.1826900737228739
AS0404,Nursing,Leiden,0.4488707255592959,0.7623484621046175,0.12714268740532553,0.9256326739418906,0.9174295856889229,0.9331775513137242
AS0404,Nursing,QS,0.2384172688843739,1.4703324440952275,0.380556622845193,0.2819774623439271,0.24949832795760193,0.31490410928877954
AS0405,Medical Technology,GRAS,0.26767751086761393,1.1636434202689514,0.3806115979691526,0.33092539664319814,0.3025800593291995,0.35871861483333645
AS0405,Medical Technology,Leiden,0.446304042129715,0.7841944673091368,0.12862198211560483,0.9231278458090751,0.9126826674174435,0.9333451609097345
AS0406,Pharmacy & Pharmaceutical Sciences,GRAS,0.18764244481669703,0.9879677693155031,0.4640322563189986,0.14072476979229775,0.11612919837982329,0.16494375872794206
AS0406,Pharmacy & Pharmaceutical Sciences,Leiden,0.3155827984542335,0.7251011515690302,0.14464476644749358,0.825606461456631,0.7945727209823285,0.8519100269944754
AS0406,Pharmacy & Pharmaceutical Sciences,QS,0.17456703451792216,1.1545416127398993,0.43979233976468945,0.13628900256185286,0.11485582289686014,0.1606621691524441
AS0501,Economics,GRAS,0.5201994136518374,0.7886950688696625,0.1907782150313954,0.8810687694716103,0.8617594991422158,0.8991636274611643
AS0501,Economics,Leiden,0.4501312533596093,0.7808643356602082,0.38280854775786927,0.5799557519561016,0.5474518607120069,0.616607410070935
AS0501,Economics,QS,0.5047750547480679,0.7903853693534739,0.24757369969471982,0.8056479078994585,0.7824564897381203,0.8300112664671487
AS0501,Economics,THE,0.5415629247472918,0.7555333839800693,0.28842026973997326,0.7785991744207772,0.7518786896748161,0.80624931612488
AS0502,Statistics,GRAS,0.15738760832630055,1.2584077654442996,0.4361338024787183,0.11570002408759394,0.08841057746539381,0.15585962685045518
AS0502,Statistics,Leiden,0.31087015096589415,0.7374149876567709,0.17199129583129355,0.7635749974739454,0.7106215120149446,0.8213079706271298
AS0502,Statistics,QS,0.1812637473256494,1.211401187083869,0.4069515761041589,0.1661077261450618,0.1235055830052651,0.22122321554434687
AS0503,Law,GRAS,0.33473408310134717,1.1541114073816614,0.38920873993637495,0.42497568974474403,0.3805757852151971,0.4705084176023378
AS0503,Law,Leiden,0.4409269894893874,0.8831528335094945,0.3430545988612995,0.6226028232865664,0.5879835677315965,0.6555697599338169
AS0503,Law,QS,0.41295871680890756,1.108402814374068,0.3164038186075556,0.6288535693731301,0.5452858409159868,0.6971395501274479
AS0503,Law,THE,0.40040857389094037,1.2147189431861825,0.2131911632031767,0.7778158303949485,0.7222482696306588,0.8218463635106202
AS0504,Political Sciences,GRAS,0.33145391694433457,0.974867666993442,0.29976855433318816,0.5498607900745441,0.5170426631745689,0.5839830949956154
AS0504,Political Sciences,Leiden,0.35132955060894816,0.8278029966262984,0.34749373408419504,0.5052953275527066,0.4746321194108194,0.5362394075093477
AS0504,Political Sciences,QS,0.2981361636179949,1.0510818349915294,0.3610858216371144,0.4053192564982676,0.37269320452233706,0.44614373651429096
AS0504,Political Sciences,THE,0.43870057831113596,0.7829622484555014,0.18931889291314172,0.8427471588713761,0.8258639458987993,0.8609404410855683
AS0505,Sociology,GRAS,0.27274652132913163,1.0880896903388788,0.3547325826340581,0.37139220967031505,0.33508765567416865,0.4220135945603401
AS0505,Sociology,Leiden,0.31986273498502477,0.8350373975107993,0.37483633580158504,0.4210999206710772,0.38877059481521986,0.4674402864673908
AS0505,Sociology,QS,0.30051691788406104,1.0099464958775808,0.32429592564358317,0.46168164483930496,0.4233474290191574,0.5116360022659728
AS0505,Sociology,THE,0.419496749057993,0.7793297458128259,0.1576840135749897,0.8757172639845173,0.8587824821474068,0.8953474026076528
AS0506,Education,GRAS,0.47789333876852597,0.8189129446497343,0.3587352730972509,0.6392694781547752,0.6077433391307119,0.670103424496428
AS0506,Education,Leiden,0.4201277555475643,0.7671215507784876,0.457423948722121,0.45746084220328576,0.4321679778331931,0.48626579205319426
AS0506,Education,QS,0.5126141963647646,0.8860200963038554,0.20796515980344776,0.8583787707875925,0.8378478572353087,0.8752586234241035
AS0506,Education,THE,0.5197449272992388,0.8773458643891897,0.22500671816260934,0.8418946620123138,0.822396998338771,0.8592449736494209
AS0507,Communication,GRAS,0.18530404394373817,1.1668848869712656,0.462832192075566,0.13843312245195694,0.11168628704948841,0.16677010537622383
AS0507,Communication,Leiden,0.3036264548310436,0.8229936238925086,0.36859758740704385,0.4038375535572813,0.3621452699636821,0.4577893697617889
AS0507,Communication,QS,0.2643729203188059,1.0863384278595445,0.3761173189711684,0.3305955945746537,0.28294320780843624,0.3869426645233299
AS0507,Communication,THE,0.39698516979832676,0.7736069995402007,0.14366158630577153,0.8834067637069006,0.8633328748902774,0.9064578473701457
AS0508,Psychology,GRAS,0.43280587566822853,0.8930271530070821,0.24135649897600986,0.7624989381034608,0.7412241270248769,0.7841324855556254
AS0508,Psychology,Leiden,0.3981287812021992,0.8295794698096853,0.38408475602556363,0.5177650202268984,0.4893849454947998,0.542706485217125
AS0508,Psychology,QS,0.420338537763951,0.9659131554655431,0.17771679183661257,0.8480019125347985,0.8265932399239657,0.8680111490130001
AS0508,Psychology,THE,0.41094019793950304,0.975376195330408,0.23146920046494646,0.7588498494283406,0.732678955439041,0.7829117597757813
AS0509,Business Administration,GRAS,0.3511941682873618,0.888318564735695,0.4631887928311723,0.3649906682376543,0.3363044589328323,0.3922597236480657
AS0509,Business Administration,Leiden,0.4393421236445711,0.772173521327035,0.38195644117498445,0.569334764015911,0.5404634847770184,0.5973591758032069
AS0509,Business Administration,QS,0.43812470193988545,0.8121004643755876,0.3371381244624591,0.6278430425851436,0.5966929118390198,0.6587764601143623
AS0509,Business Administration,THE,0.5678798019005596,0.7492881549694437,0.15437532527263856,0.931059512118347,0.9234974067862205,0.9377467034990682
AS0510,Finance,GRAS,0.3221559628692666,1.1456468009369798,0.3713145533259474,0.42929866764005525,0.38715115310081777,0.4712978825157611
AS0510,Finance,Leiden,0.4289378990794035,0.791317394819757,0.3804186251386188,0.5593709685335024,0.5265153795533353,0.5967570046128943
AS0510,Finance,QS,0.4181410917388,0.9659088283378164,0.2906799303166825,0.6736309852248594,0.6343782163474798,0.7155173654225687
AS0510,Finance,THE,0.5625091692311294,0.78019327250926,0.15058229315132826,0.9328925174069533,0.9232188667454025,0.9432499176672462
AS0511,Management,GRAS,0.44317421692562986,0.8103351464063543,0.3755991092684274,0.5817014281447206,0.550212692188939,0.614975011290967
AS0511,Management,Leiden,0.4575368492728337,0.7758596850285808,0.3821355533656081,0.5888128804265265,0.5603319269456324,0.6159506796442005
AS0511,Management,QS,0.4573629413541672,0.8138089147509677,0.33050497813147656,0.6565905173739169,0.6213083215817254,0.6863728521220235
AS0511,Management,THE,0.5802591730058626,0.7548109980816566,0.182206628581554,0.9100288369365298,0.8957609228624407,0.9201424072527289
AS0512,Public Administration,GRAS,0.13191464373959805,1.3240266282296091,0.4832848882378974,0.06956697612250883,0.054481860195552595,0.08865166002897729
AS0512,Public Administration,Leiden,0.28216690124340765,0.8200041786434347,0.36100219021161806,0.37905318138206573,0.3396479841411781,0.42687267586708416
AS0512,Public Administration,QS,0.16164555251584603,1.4313079665549469,0.3845898228070087,0.1508320899828676,0.1113938634843958,0.19982231451419113
AS0512,Public Administration,THE,0.36319717924293166,0.773954804153988,0.133681137594837,0.880118317803838,0.8576872000313062,0.8999913118147266
AS0513,Hospitality & Tourism Management,GRAS,0.7807814366226683,1.447419453383365,0.11740907497272904,0.9777448492808068,0.9728324080833891,0.981817662901022
AS0513,Hospitality & Tourism Management,QS,0.35902799686774806,1.6273091213154907,0.39128832436683064,0.4563851799977414,0.3823416034963218,0.5273316814550308
AS0515,Library & Information Science,GRAS,0.659781960683637,1.8277392473635137,0.13678489581976735,0.9581668498001514,0.9446756343402215,0.9707067974771583
AS0515,Library & Information Science,QS,0.19688688081080805,2.0681574747607328,0.4190792198626717,0.18308557937227285,0.08645563609422431,0.2985073419012058
THEAH,Arts & Humanities (THE only),Leiden,0.3669788048836006,0.7079092735472378,0.4311475386196181,0.41985416461747976,0.3794330105406767,0.4626060009220162
THEAH,Arts & Humanities (THE only),QS,0.5730379933462015,0.848253092445523,0.5722046435848839,0.5002868632182785,0.4553211871202251,0.5476198432179621
THEAH,Arts & Humanities (THE only),THE,0.4749780917952393,0.688825923694925,0.09272062135400397,0.9630719561026198,0.9556481803692664,0.9695649639629854
