system,editions,years,median_list_length,alpha_discrimination,alpha_sd,beta_location,sigma_noise,reliability,reliability_lo,reliability_hi
NTU,20,2007-2026,812.5,0.5942391948124071,0.0030521716260324804,0.6410355728203401,0.1083100817942168,0.967842474581578,0.9665737140550327,0.9691295685939306
ARWU,23,2003-2025,501.0,0.5879507293266569,0.0031716546449860688,0.6516171164646004,0.1367507309261527,0.9486722279621679,0.9467740788513296,0.9504763290192212
URAP,16,2010-2025,2487.5,0.6262910055973245,0.003084849338693275,0.5915357649648633,0.16108365379431577,0.937946018999322,0.9361889950876257,0.9398012311494626
CWUR,14,2012-2025,1493.0,0.6040035297619335,0.003198554640299304,0.6019524178632693,0.1577908006373373,0.9361060143908055,0.9339601755516562,0.9382000280329302
USNews,12,2014-2025,975.0,0.5989298770046485,0.00333036247392548,0.6170419199113314,0.1756901061900771,0.9207606068860928,0.9180897507502717,0.9233847693173143
Webometrics,22,2004-2025,995.5,0.6238700694682332,0.0035569439934786695,0.5200861835910222,0.29409111539291855,0.8181752389188748,0.8139816778183169,0.8225135841167832
SCImago,17,2009-2025,300.0,0.660592941310208,0.00331302464023014,0.4369323083970522,0.31704989217456353,0.8127672493699194,0.8085619171724477,0.8168709910972056
THE,17,2010-2026,1258.0,0.5188610122951975,0.002977358708139748,0.7497333647713716,0.28334324407170763,0.7702785896022544,0.7651355723652805,0.7755308420844088
NatureIndex,11,2016-2026,498.0,0.5534715120254202,0.004334425426150398,0.572363665206352,0.316001821464321,0.7541397311532786,0.7463909479156396,0.7615872103930292
Leiden,12,2012-2023,920.5,0.5065076989471862,0.004038594785267579,0.7377279365257129,0.31022758158930713,0.727180917342951,0.7197434244446074,0.7341490304396343
ReutersEU,4,2016-2019,99.5,0.352068340381341,0.022465943853656436,1.6716599388004862,0.28782719695640696,0.5982441942154205,0.5187484711568567,0.660217448041994
QS,16,2011-2026,1023.0,0.42105282195579563,0.0030919586241664925,0.8642344608227759,0.34971667212915725,0.5917532593726588,0.5836505264237486,0.600982651895685
THEQS,6,2004-2009,199.0,0.36909041964587386,0.011510237204717687,1.228056617510702,0.3217117575209724,0.5680513724961527,0.5316955004293757,0.6053058391672198
ReutersWorld,5,2015-2019,91.0,0.3038751764542767,0.017470104450197997,1.5480634387173438,0.29926539491397336,0.507069460763766,0.4392937804386667,0.56651635294944
