dropped,n_obs_removed,spearman_all,spearman_observed,spearman_top200_mean,minutes
ARWU,30310,0.9962479193712581,0.9976813566796253,0.9548434335858397,1.0672844608624776
THE,41972,0.9947605358298465,0.9969917827694488,0.965459261481537,0.9987845698992411
QS,28268,0.9909955892572633,0.9946548947643158,0.996181467036676,1.1343065977096558
CWUR,31594,0.9887532440114635,0.9938689351265438,0.9871105527638192,1.0843329826990764
SCImago,81021,0.928014445276415,0.979802610480499,0.9588628465711645,0.9498417655626933
Leiden,16477,0.9981170416769779,0.999015052277861,0.9960142753568841,1.110027015209198
URAP,42984,0.95548031222612,0.9653630075932723,0.9793771094277357,1.149409782886505
Webometrics,82016,0.9783017645538934,0.9919792433109976,0.9771978049451238,1.0566413323084514
USNews,26285,0.9979057337709063,0.9986836900751657,0.9949406860171507,1.3950216809908549
NTU,29043,0.9971675201878412,0.9979177957074866,0.964815745393635,1.3318145314852396
